{"results_sa": 15474, "time_sa": 173.7462863922119, "results_sa_ils": 15529, "time_sa_ils": 637.5229496955872, "results_sa_comparator": 15200, "time_sa_comparator": 3673.6952357292175, "results_sa_comparator_v2": 15669, "time_sa_comparator_v2": 5219.45428776741, "results_dp": 15768, "time_dp": 0.47281670570373535}